[{"ident":{"customerID":"775564-BOJSMVON","source":"Website"},"listing":{"types":{"unit":"Outros","usage":"Residencial"},"address":{"city":"Rio de Janeiro","location":{"lon":-43.413557,"lat":-22.909429},"zone":"Zona Oeste","neighborhood":"Taquara"},"prices":{"price":"45000","tax":{"iptu":"0","condo":"150"}},"features":{"bedrooms":0,"bathrooms":0,"suites":0,"parkingSpaces":1,"usableAreas":"62","totalAreas":"62","floors":0,"unitsOnTheFloor":0,"unitFloor":0}}},{"ident":{"customerID":"660895-AUENKNYY","source":"Website"},"listing":{"types":{"unit":"Apartamento","usage":"Residencial"},"address":{"city":"Rio de Janeiro","location":{"lon":-43.509141,"lat":-22.869698},"zone":"Zona Oeste","neighborhood":"Sant\u00edssimo"},"prices":{"price":"45000","tax":{"iptu":"0","condo":"120"}},"features":{"bedrooms":2,"bathrooms":1,"suites":0,"parkingSpaces":1,"usableAreas":"44","totalAreas":0,"floors":0,"unitsOnTheFloor":0,"unitFloor":0}}},{"ident":{"customerID":"751522-JESYFEQL","source":"Website"},"listing":{"types":{"unit":"Outros","usage":"Residencial"},"address":{"city":"Rio de Janeiro","location":{"lon":-43.646786,"lat":-22.986927},"zone":"Zona Oeste","neighborhood":"Pedra de Guaratiba"},"prices":{"price":"50000","tax":{"iptu":"0","condo":"100"}},"features":{"bedrooms":0,"bathrooms":0,"suites":0,"parkingSpaces":0,"usableAreas":"132","totalAreas":"132","floors":0,"unitsOnTheFloor":0,"unitFloor":0}}},{"ident":{"customerID":"714052-GAAEWYKS","source":"Website"},"listing":{"types":{"unit":"Outros","usage":"Comercial"},"address":{"city":"Rio de Janeiro","location":{"lon":-43.330818,"lat":-22.881977},"zone":"Zona Norte","neighborhood":"Cascadura"},"prices":{"price":"45000","tax":{"iptu":"346","condo":"468"}},"features":{"bedrooms":0,"bathrooms":1,"suites":0,"parkingSpaces":0,"usableAreas":"32","totalAreas":"32","floors":0,"unitsOnTheFloor":0,"unitFloor":3}}},{"ident":{"customerID":"568886-ZIBFOMCC","source":"Website"},"listing":{"types":{"unit":"Apartamento","usage":"Residencial"},"address":{"city":"Rio de Janeiro","location":{"lon":-43.480742,"lat":-23.027653},"zone":"Zona Oeste","neighborhood":"Recreio dos Bandeirantes"},"prices":{"price":"50000","tax":{"iptu":"120","condo":"400"}},"features":{"bedrooms":3,"bathrooms":2,"suites":1,"parkingSpaces":1,"usableAreas":"60","totalAreas":0,"floors":3,"unitsOnTheFloor":4,"unitFloor":2}}},{"ident":{"customerID":"526755-OBLTYTEN","source":"Website"},"listing":{"types":{"unit":"Outros","usage":"Residencial"},"address":{"city":"Rio de Janeiro","location":{"lon":-43.571183,"lat":-22.966059},"zone":"Zona Oeste","neighborhood":"Guaratiba"},"prices":{"price":"50000","tax":{"iptu":null,"condo":"0"}},"features":{"bedrooms":0,"bathrooms":0,"suites":0,"parkingSpaces":0,"usableAreas":"200","totalAreas":"200","floors":0,"unitsOnTheFloor":0,"unitFloor":0}}}]